regime,observations,frequency_pct,mean_daily_return,annualized_return,annualized_volatility,avg_duration_days,median_duration_days,segments,avg_drawdown,sharpe_like,regime_name,color
0,32,0.32323232323232326,0.05978128293040785,1.0072198385318694,0.6420442281600915,4.571428571428571,3.0,7,-0.10957704323309977,1.5687701786810901,Calm / bull,#2ca25f
1,21,0.21212121212121213,-0.08100710909557463,-0.6371343807319898,1.0274393869003575,7.0,6.0,3,-0.6730269880018991,-0.620118703697097,Stress / bear,#c0392b
2,16,0.16161616161616163,0.19113423854120226,7.156963157567738,0.8109425708189477,8.0,8.0,2,-0.03519880159079579,8.825487050630633,Recovery / risk-on,#4c78a8
3,30,0.30303030303030304,-0.06239981487200674,-0.5384569527282216,0.6675580234345795,5.0,4.5,6,-0.44885490876169676,-0.8066069672234121,Bear / drawdown,#d95f02
